time,baseline_effective_mass,gated_effective_mass,baseline_gap,gated_gap,baseline_chern,gated_chern,baseline_transition_margin,gated_transition_margin
0.0000,1.441714,1.441714,1.170208,1.170208,1,1,0.558286,0.558286
0.0500,1.439900,1.439802,1.173460,1.173636,1,1,0.560100,0.560198
0.1000,1.438126,1.437838,1.176642,1.177160,1,1,0.561874,0.562162
0.1500,1.436385,1.435818,1.179767,1.180785,1,1,0.563615,0.564182
0.2000,1.434668,1.433740,1.182851,1.184519,1,1,0.565332,0.566260
0.2500,1.432970,1.431601,1.185903,1.188364,1,1,0.567030,0.568399
0.3000,1.431283,1.429401,1.188936,1.192324,1,1,0.568717,0.570599
0.3500,1.429603,1.427137,1.191959,1.196400,1,1,0.570397,0.572863
0.4000,1.427926,1.424810,1.194979,1.200594,1,1,0.572074,0.575190
0.4500,1.426246,1.422419,1.198005,1.204906,1,1,0.573754,0.577581
0.5000,1.424561,1.419965,1.201043,1.209336,1,1,0.575439,0.580035
0.5500,1.422867,1.417448,1.204097,1.213882,1,1,0.577133,0.582552
0.6000,1.421163,1.414870,1.207173,1.218544,1,1,0.578837,0.585130
0.6500,1.419445,1.412232,1.210274,1.223319,1,1,0.580555,0.587768
0.7000,1.417713,1.409535,1.213404,1.228204,1,1,0.582287,0.590465
0.7500,1.415965,1.406781,1.216564,1.233196,1,1,0.584035,0.593219
0.8000,1.414200,1.403973,1.219757,1.238292,1,1,0.585800,0.596027
0.8500,1.412417,1.401112,1.222984,1.243488,1,1,0.587583,0.598888
0.9000,1.410616,1.398201,1.226245,1.248779,1,1,0.589384,0.601799
0.9500,1.408798,1.395243,1.229540,1.254161,1,1,0.591202,0.604757
1.0000,1.406961,1.392240,1.232870,1.259629,1,1,0.593039,0.607760
1.0500,1.405107,1.389195,1.236233,1.265179,1,1,0.594893,0.610805
1.1000,1.403236,1.386112,1.239629,1.270804,1,1,0.596764,0.613888
1.1500,1.401349,1.382992,1.243057,1.276501,1,1,0.598651,0.617008
1.2000,1.399447,1.379839,1.246514,1.282262,1,1,0.600553,0.620161
1.2500,1.397530,1.376657,1.249999,1.288083,1,1,0.602470,0.623343
1.3000,1.395600,1.373448,1.253511,1.293959,1,1,0.604400,0.626552
1.3500,1.393659,1.370215,1.257045,1.299882,1,1,0.606341,0.629785
1.4000,1.391707,1.366962,1.260601,1.305848,1,1,0.608293,0.633038
1.4500,1.389746,1.363692,1.264175,1.311850,1,1,0.610254,0.636308
1.5000,1.387778,1.360408,1.267765,1.317884,1,1,0.612222,0.639592
1.5500,1.385803,1.357113,1.271367,1.323942,1,1,0.614197,0.642887
1.6000,1.383825,1.353811,1.274979,1.330019,1,1,0.616175,0.646189
1.6500,1.381844,1.350504,1.278598,1.336109,1,1,0.618156,0.649496
1.7000,1.379862,1.347196,1.282221,1.342207,1,1,0.620138,0.652804
1.7500,1.377881,1.343889,1.285844,1.348307,1,1,0.622119,0.656111
1.8000,1.375902,1.340587,1.289465,1.354403,1,1,0.624098,0.659413
1.8500,1.373928,1.337292,1.293079,1.360490,1,1,0.626072,0.662708
1.9000,1.371960,1.334008,1.296684,1.366562,1,1,0.628040,0.665992
1.9500,1.369999,1.330738,1.300278,1.372614,1,1,0.630001,0.669262
2.0000,1.368048,1.327483,1.303855,1.378641,1,1,0.631952,0.672517
2.0500,1.366108,1.324247,1.307414,1.384638,1,1,0.633892,0.675753
2.1000,1.364181,1.321033,1.310952,1.390599,1,1,0.635819,0.678967
2.1500,1.362269,1.317842,1.314465,1.396519,1,1,0.637731,0.682158
2.2000,1.360372,1.314678,1.317950,1.402395,1,1,0.639628,0.685322
2.2500,1.358493,1.311543,1.321405,1.408221,1,1,0.641507,0.688457
2.3000,1.356632,1.308438,1.324826,1.413993,1,1,0.643368,0.691562
2.3500,1.354792,1.305368,1.328212,1.419707,1,1,0.645208,0.694632
2.4000,1.352975,1.302332,1.331559,1.425358,1,1,0.647025,0.697668
2.4500,1.351180,1.299334,1.334864,1.430943,1,1,0.648820,0.700666
2.5000,1.349409,1.296376,1.338126,1.436457,1,1,0.650591,0.703624
2.5500,1.347665,1.293459,1.341342,1.441898,1,1,0.652335,0.706541
2.6000,1.345947,1.290585,1.344510,1.447261,1,1,0.654053,0.709415
2.6500,1.344257,1.287756,1.347627,1.452543,1,1,0.655743,0.712244
2.7000,1.342597,1.284973,1.350692,1.457741,1,1,0.657403,0.715027
2.7500,1.340966,1.282238,1.353703,1.462852,1,1,0.659034,0.717762
2.8000,1.339367,1.279553,1.356657,1.467873,1,1,0.660633,0.720447
2.8500,1.337799,1.276919,1.359554,1.472802,1,1,0.662201,0.723081
2.9000,1.336264,1.274337,1.362392,1.477635,1,1,0.663736,0.725663
2.9500,1.334762,1.271808,1.365169,1.482371,1,1,0.665238,0.728192
3.0000,1.333294,1.269333,1.367884,1.487007,1,1,0.666706,0.730667
3.0500,1.331861,1.266914,1.370535,1.491541,1,1,0.668139,0.733086
3.1000,1.330463,1.264551,1.373123,1.495971,1,1,0.669537,0.735449
3.1500,1.329101,1.262245,1.375645,1.500297,1,1,0.670899,0.737755
3.2000,1.327775,1.259998,1.378100,1.504515,1,1,0.672225,0.740002
3.2500,1.326486,1.257808,1.380489,1.508624,1,1,0.673514,0.742192
3.3000,1.325233,1.255679,1.382811,1.512624,1,1,0.674767,0.744321
3.3500,1.324017,1.253608,1.385064,1.516513,1,1,0.675983,0.746392
3.4000,1.322838,1.251598,1.387250,1.520290,1,1,0.677162,0.748402
3.4500,1.321697,1.249649,1.389366,1.523954,1,1,0.678303,0.750351
3.5000,1.320593,1.247761,1.391414,1.527505,1,1,0.679407,0.752239
3.5500,1.319527,1.245934,1.393392,1.530942,1,1,0.680473,0.754066
3.6000,1.318498,1.244168,1.395302,1.534264,1,1,0.681502,0.755832
3.6500,1.317506,1.242464,1.397143,1.537471,1,1,0.682494,0.757536
3.7000,1.316552,1.240821,1.398916,1.540563,1,1,0.683448,0.759179
3.7500,1.315634,1.239241,1.400620,1.543540,1,1,0.684366,0.760759
3.8000,1.314753,1.237721,1.402256,1.546402,1,1,0.685247,0.762279
3.8500,1.313909,1.236263,1.403825,1.549148,1,1,0.686091,0.763737
3.9000,1.313100,1.234867,1.405327,1.551780,1,1,0.686900,0.765133
3.9500,1.312328,1.233531,1.406762,1.554297,1,1,0.687672,0.766469
4.0000,1.311590,1.232256,1.408132,1.556700,1,1,0.688410,0.767744
4.0500,1.310888,1.231042,1.409438,1.558989,1,1,0.689112,0.768958
4.1000,1.310220,1.229888,1.410680,1.561165,1,1,0.689780,0.770112
4.1500,1.309586,1.228794,1.411858,1.563229,1,1,0.690414,0.771206
4.2000,1.308986,1.227759,1.412975,1.565182,1,1,0.691014,0.772241
4.2500,1.308418,1.226782,1.414031,1.567024,1,1,0.691582,0.773218
4.3000,1.307882,1.225864,1.415028,1.568756,1,1,0.692118,0.774136
4.3500,1.307378,1.225004,1.415965,1.570380,1,1,0.692622,0.774996
4.4000,1.306905,1.224201,1.416846,1.571896,1,1,0.693095,0.775799
4.4500,1.306462,1.223454,1.417670,1.573305,1,1,0.693538,0.776546
4.5000,1.306049,1.222763,1.418439,1.574610,1,1,0.693951,0.777237
4.5500,1.305664,1.222127,1.419155,1.575810,1,1,0.694336,0.777873
4.6000,1.305308,1.221546,1.419819,1.576908,1,1,0.694692,0.778454
4.6500,1.304978,1.221018,1.420432,1.577904,1,1,0.695022,0.778982
4.7000,1.304675,1.220544,1.420995,1.578800,1,1,0.695325,0.779456
4.7500,1.304398,1.220121,1.421511,1.579598,1,1,0.695602,0.779879
4.8000,1.304146,1.219750,1.421981,1.580299,1,1,0.695854,0.780250
4.8500,1.303917,1.219430,1.422406,1.580904,1,1,0.696083,0.780570
4.9000,1.303712,1.219159,1.422788,1.581415,1,1,0.696288,0.780841
4.9500,1.303530,1.218937,1.423128,1.581834,1,1,0.696470,0.781063
5.0000,1.303369,1.218764,1.423428,1.582163,1,1,0.696631,0.781236
5.0500,1.303229,1.218637,1.423689,1.582402,1,1,0.696771,0.781363
5.1000,1.303108,1.218557,1.423913,1.582553,1,1,0.696892,0.781443
5.1500,1.303007,1.218522,1.424101,1.582619,1,1,0.696993,0.781478
5.2000,1.302924,1.218532,1.424255,1.582600,1,1,0.697076,0.781468
5.2500,1.302860,1.218586,1.424376,1.582498,1,1,0.697140,0.781414
5.3000,1.302815,1.218687,1.424459,1.582308,1,1,0.697185,0.781313
5.3500,1.302797,1.218841,1.424492,1.582017,1,1,0.697203,0.781159
5.4000,1.302834,1.219076,1.424423,1.581572,1,1,0.697166,0.780924
5.4500,1.303003,1.219471,1.424109,1.580826,1,1,0.696997,0.780529
5.5000,1.303493,1.220219,1.423197,1.579413,1,1,0.696507,0.779781
5.5500,1.304702,1.221729,1.420946,1.576561,1,1,0.695298,0.778271
5.6000,1.307303,1.224701,1.416106,1.570951,1,1,0.692697,0.775299
5.6500,1.312135,1.230036,1.407120,1.560886,1,1,0.687865,0.769964
5.7000,1.320141,1.238780,1.392253,1.544407,1,1,0.679859,0.761220
5.7500,1.335255,1.254889,1.364258,1.514108,1,1,0.664745,0.745111
5.8000,1.373255,1.293863,1.294312,1.441143,1,1,0.626745,0.706137
5.8500,1.446460,1.367900,1.161711,1.304127,1,1,0.553540,0.632100
5.9000,1.556446,1.478549,0.969985,1.104687,1,1,0.443554,0.521451
5.9500,1.677092,1.599561,0.777083,0.898366,1,1,0.322908,0.400439
6.0000,1.730592,1.653220,0.701197,0.813205,1,1,0.269408,0.346780
6.0500,1.651886,1.574761,0.815259,0.939262,1,1,0.348114,0.425239
6.1000,1.501442,1.424527,1.064504,1.201103,1,1,0.498558,0.575473
6.1500,1.356879,1.280124,1.324373,1.466805,1,1,0.643121,0.719876
6.2000,1.251977,1.175585,1.519579,1.663969,1,1,0.748023,0.824415
6.2500,1.187451,1.111587,1.641442,1.786009,1,1,0.812549,0.888413
6.3000,1.156463,1.080908,1.700343,1.844798,1,1,0.843537,0.919092
6.3500,1.145142,1.069683,1.721914,1.866350,1,1,0.854858,0.930317
6.4000,1.143355,1.067905,1.725322,1.869766,1,1,0.856645,0.932095
6.4500,1.145901,1.070459,1.720467,1.864859,1,1,0.854099,0.929541
6.5000,1.150341,1.074946,1.712005,1.856243,1,1,0.849659,0.925054
6.5500,1.155524,1.080231,1.702130,1.846098,1,1,0.844476,0.919769
6.6000,1.160920,1.085779,1.691857,1.835454,1,1,0.839080,0.914221
6.6500,1.166300,1.091337,1.681621,1.824795,1,1,0.833700,0.908663
6.7000,1.171565,1.096817,1.671609,1.814292,1,1,0.828435,0.903183
6.7500,1.176667,1.102189,1.661913,1.804001,1,1,0.823333,0.897811
6.8000,1.181601,1.107444,1.652543,1.793938,1,1,0.818399,0.892556
6.8500,1.186368,1.112582,1.643497,1.784105,1,1,0.813632,0.887418
6.9000,1.190971,1.117603,1.634765,1.774502,1,1,0.809029,0.882397
6.9500,1.195414,1.122507,1.626342,1.765125,1,1,0.804586,0.877493
7.0000,1.199702,1.127298,1.618218,1.755972,1,1,0.800298,0.872702
7.0500,1.203839,1.131975,1.610386,1.747039,1,1,0.796161,0.868025
7.1000,1.207827,1.136541,1.602838,1.738323,1,1,0.792173,0.863459
7.1500,1.211672,1.140996,1.595566,1.729821,1,1,0.788328,0.859004
7.2000,1.215376,1.145344,1.588563,1.721530,1,1,0.784624,0.854656
7.2500,1.218944,1.149584,1.581821,1.713447,1,1,0.781056,0.850416
7.3000,1.222380,1.153719,1.575333,1.705567,1,1,0.777620,0.846281
7.3500,1.225686,1.157751,1.569092,1.697889,1,1,0.774314,0.842249
7.4000,1.228868,1.161682,1.563090,1.690407,1,1,0.771132,0.838318
7.4500,1.231927,1.165512,1.557320,1.683119,1,1,0.768073,0.834488
7.5000,1.234868,1.169244,1.551776,1.676021,1,1,0.765132,0.830756
7.5500,1.237695,1.172880,1.546451,1.669110,1,1,0.762305,0.827120
7.6000,1.240410,1.176421,1.541338,1.662381,1,1,0.759590,0.823579
7.6500,1.243017,1.179869,1.536430,1.655832,1,1,0.756983,0.820131
7.7000,1.245520,1.183227,1.531721,1.649457,1,1,0.754480,0.816773
7.7500,1.247921,1.186495,1.527204,1.643255,1,1,0.752079,0.813505
7.8000,1.250224,1.189677,1.522873,1.637220,1,1,0.749776,0.810323
7.8500,1.252432,1.192773,1.518723,1.631349,1,1,0.747568,0.807227
7.9000,1.254549,1.195786,1.514746,1.625638,1,1,0.745451,0.804214
7.9500,1.256577,1.198717,1.510936,1.620084,1,1,0.743423,0.801283
8.0000,1.258520,1.201569,1.507288,1.614683,1,1,0.741480,0.798431
8.0500,1.260380,1.204343,1.503797,1.609430,1,1,0.739620,0.795657
8.1000,1.262161,1.207042,1.500455,1.604323,1,1,0.737839,0.792958
8.1500,1.263865,1.209667,1.497258,1.599357,1,1,0.736135,0.790333
8.2000,1.265496,1.212221,1.494200,1.594528,1,1,0.734504,0.787779
8.2500,1.267056,1.214704,1.491275,1.589833,1,1,0.732944,0.785296
8.3000,1.268548,1.217120,1.488479,1.585268,1,1,0.731452,0.782880
8.3500,1.269975,1.219470,1.485805,1.580829,1,1,0.730025,0.780530
8.4000,1.271339,1.221755,1.483250,1.576513,1,1,0.728661,0.778245
8.4500,1.272643,1.223978,1.480807,1.572315,1,1,0.727357,0.776022
8.5000,1.273890,1.226141,1.478472,1.568233,1,1,0.726110,0.773859
8.5500,1.275082,1.228246,1.476240,1.564262,1,1,0.724918,0.771754
8.6000,1.276222,1.230294,1.474106,1.560400,1,1,0.723778,0.769706
8.6500,1.277312,1.232287,1.472065,1.556642,1,1,0.722688,0.767713
8.7000,1.278355,1.234227,1.470114,1.552985,1,1,0.721645,0.765773
8.7500,1.279353,1.236116,1.468248,1.549425,1,1,0.720647,0.763884
8.8000,1.280308,1.237956,1.466462,1.545960,1,1,0.719692,0.762044
8.8500,1.281222,1.239747,1.464752,1.542585,1,1,0.718778,0.760253
8.9000,1.282098,1.241493,1.463115,1.539298,1,1,0.717902,0.758507
8.9500,1.282938,1.243195,1.461545,1.536096,1,1,0.717062,0.756805
9.0000,1.283743,1.244853,1.460040,1.532974,1,1,0.716257,0.755147
9.0500,1.284516,1.246471,1.458595,1.529931,1,1,0.715484,0.753529
9.1000,1.285259,1.248049,1.457207,1.526963,1,1,0.714741,0.751951
9.1500,1.285973,1.249589,1.455873,1.524067,1,1,0.714027,0.750411
9.2000,1.286660,1.251093,1.454588,1.521240,1,1,0.713340,0.748907
9.2500,1.287323,1.252562,1.453351,1.518480,1,1,0.712677,0.747438
9.3000,1.287963,1.253997,1.452156,1.515783,1,1,0.712037,0.746003
9.3500,1.288581,1.255400,1.451002,1.513147,1,1,0.711419,0.744600
9.4000,1.289178,1.256773,1.449886,1.510569,1,1,0.710822,0.743227
9.4500,1.289758,1.258116,1.448804,1.508048,1,1,0.710242,0.741884
9.5000,1.290320,1.259431,1.447754,1.505579,1,1,0.709680,0.740569
9.5500,1.290867,1.260718,1.446733,1.503162,1,1,0.709133,0.739282
9.6000,1.291400,1.261981,1.445739,1.500793,1,1,0.708600,0.738019
9.6500,1.291920,1.263219,1.444769,1.498471,1,1,0.708080,0.736781
9.7000,1.292427,1.264433,1.443822,1.496193,1,1,0.707573,0.735567
9.7500,1.292925,1.265625,1.442894,1.493958,1,1,0.707075,0.734375
9.8000,1.293413,1.266796,1.441984,1.491763,1,1,0.706587,0.733204
9.8500,1.293892,1.267946,1.441089,1.489606,1,1,0.706108,0.732054
9.9000,1.294364,1.269077,1.440209,1.487486,1,1,0.705636,0.730923
9.9500,1.294829,1.270190,1.439341,1.485401,1,1,0.705171,0.729810
10.0000,1.295289,1.271286,1.438483,1.483349,1,1,0.704711,0.728714
10.0500,1.295744,1.272364,1.437635,1.481329,1,1,0.704256,0.727636
10.1000,1.296195,1.273427,1.436793,1.479338,1,1,0.703805,0.726573
10.1500,1.296643,1.274475,1.435958,1.477377,1,1,0.703357,0.725525
10.2000,1.297089,1.275508,1.435128,1.475442,1,1,0.702911,0.724492
10.2500,1.297532,1.276528,1.434302,1.473534,1,1,0.702468,0.723472
10.3000,1.297974,1.277534,1.433478,1.471651,1,1,0.702026,0.722466
10.3500,1.298415,1.278528,1.432655,1.469791,1,1,0.701585,0.721472
10.4000,1.298856,1.279510,1.431834,1.467954,1,1,0.701144,0.720490
10.4500,1.299297,1.280481,1.431012,1.466138,1,1,0.700703,0.719519
10.5000,1.299738,1.281441,1.430190,1.464343,1,1,0.700262,0.718559
10.5500,1.300181,1.282390,1.429365,1.462568,1,1,0.699819,0.717610
10.6000,1.300624,1.283330,1.428539,1.460812,1,1,0.699376,0.716670
10.6500,1.301069,1.284260,1.427710,1.459074,1,1,0.698931,0.715740
10.7000,1.301516,1.285181,1.426878,1.457353,1,1,0.698484,0.714819
10.7500,1.301965,1.286092,1.426043,1.455650,1,1,0.698035,0.713908
10.8000,1.302415,1.286996,1.425203,1.453963,1,1,0.697585,0.713004
10.8500,1.302868,1.287890,1.424360,1.452291,1,1,0.697132,0.712110
10.9000,1.303323,1.288777,1.423513,1.450635,1,1,0.696677,0.711223
10.9500,1.303780,1.289656,1.422661,1.448995,1,1,0.696220,0.710344
11.0000,1.304240,1.290527,1.421805,1.447368,1,1,0.695760,0.709473
11.0500,1.304702,1.291391,1.420945,1.445757,1,1,0.695298,0.708609
11.1000,1.305167,1.292247,1.420080,1.444159,1,1,0.694833,0.707753
11.1500,1.305634,1.293095,1.419212,1.442575,1,1,0.694366,0.706905
11.2000,1.306103,1.293937,1.418339,1.441005,1,1,0.693897,0.706063
11.2500,1.306574,1.294771,1.417462,1.439449,1,1,0.693426,0.705229
11.3000,1.307047,1.295598,1.416583,1.437907,1,1,0.692953,0.704402
11.3500,1.307521,1.296418,1.415699,1.436378,1,1,0.692479,0.703582
11.4000,1.307998,1.297231,1.414813,1.434863,1,1,0.692002,0.702769
11.4500,1.308475,1.298036,1.413925,1.433362,1,1,0.691525,0.701964
11.5000,1.308954,1.298834,1.413034,1.431874,1,1,0.691046,0.701166
11.5500,1.309434,1.299625,1.412142,1.430401,1,1,0.690566,0.700375
11.6000,1.309914,1.300408,1.411249,1.428942,1,1,0.690086,0.699592
11.6500,1.310395,1.301184,1.410355,1.427497,1,1,0.689605,0.698816
11.7000,1.310875,1.301951,1.409462,1.426067,1,1,0.689125,0.698049
11.7500,1.311356,1.302711,1.408569,1.424652,1,1,0.688644,0.697289
11.8000,1.311835,1.303463,1.407677,1.423252,1,1,0.688165,0.696537
11.8500,1.312314,1.304206,1.406788,1.421868,1,1,0.687686,0.695794
11.9000,1.312791,1.304941,1.405900,1.420500,1,1,0.687209,0.695059
11.9500,1.313267,1.305667,1.405017,1.419149,1,1,0.686733,0.694333
12.0000,1.313740,1.306385,1.404137,1.417814,1,1,0.686260,0.693615
12.0500,1.314211,1.307093,1.403262,1.416497,1,1,0.685789,0.692907
12.1000,1.314679,1.307791,1.402393,1.415197,1,1,0.685321,0.692209
12.1500,1.315144,1.308480,1.401530,1.413916,1,1,0.684856,0.691520
12.2000,1.315604,1.309158,1.400675,1.412654,1,1,0.684396,0.690842
12.2500,1.316060,1.309827,1.399828,1.411411,1,1,0.683940,0.690173
12.3000,1.316512,1.310484,1.398989,1.410189,1,1,0.683488,0.689516
12.3500,1.316958,1.311131,1.398161,1.408986,1,1,0.683042,0.688869
12.4000,1.317399,1.311766,1.397343,1.407806,1,1,0.682601,0.688234
12.4500,1.317833,1.312390,1.396536,1.406647,1,1,0.682167,0.687610
12.5000,1.318261,1.313001,1.395742,1.405510,1,1,0.681739,0.686999
12.5500,1.318681,1.313601,1.394962,1.404397,1,1,0.681319,0.686399
12.6000,1.319094,1.314187,1.394196,1.403307,1,1,0.680906,0.685813
12.6500,1.319499,1.314761,1.393444,1.402242,1,1,0.680501,0.685239
12.7000,1.319895,1.315320,1.392710,1.401202,1,1,0.680105,0.684680
12.7500,1.320282,1.315866,1.391992,1.400188,1,1,0.679718,0.684134
12.8000,1.320659,1.316398,1.391292,1.399200,1,1,0.679341,0.683602
12.8500,1.321026,1.316916,1.390611,1.398240,1,1,0.678974,0.683084
12.9000,1.321383,1.317418,1.389949,1.397307,1,1,0.678617,0.682582
12.9500,1.321728,1.317905,1.389309,1.396403,1,1,0.678272,0.682095
13.0000,1.322062,1.318376,1.388690,1.395529,1,1,0.677938,0.681624
13.0500,1.322384,1.318831,1.388093,1.394684,1,1,0.677616,0.681169
13.1000,1.322693,1.319270,1.387520,1.393870,1,1,0.677307,0.680730
13.1500,1.322989,1.319691,1.386971,1.393087,1,1,0.677011,0.680309
13.2000,1.323272,1.320096,1.386446,1.392336,1,1,0.676728,0.679904
13.2500,1.323540,1.320483,1.385948,1.391618,1,1,0.676460,0.679517
13.3000,1.323795,1.320853,1.385477,1.390933,1,1,0.676205,0.679147
13.3500,1.324034,1.321204,1.385032,1.390282,1,1,0.675966,0.678796
13.4000,1.324259,1.321536,1.384616,1.389665,1,1,0.675741,0.678464
13.4500,1.324468,1.321850,1.384229,1.389083,1,1,0.675532,0.678150
13.5000,1.324661,1.322145,1.383871,1.388536,1,1,0.675339,0.677855
13.5500,1.324837,1.322420,1.383544,1.388026,1,1,0.675163,0.677580
13.6000,1.324997,1.322676,1.383247,1.387551,1,1,0.675003,0.677324
13.6500,1.325140,1.322912,1.382982,1.387114,1,1,0.674860,0.677088
13.7000,1.325266,1.323127,1.382749,1.386714,1,1,0.674734,0.676873
13.7500,1.325374,1.323323,1.382549,1.386352,1,1,0.674626,0.676677
13.8000,1.325465,1.323498,1.382381,1.386027,1,1,0.674535,0.676502
13.8500,1.325537,1.323652,1.382247,1.385741,1,1,0.674463,0.676348
13.9000,1.325591,1.323785,1.382147,1.385494,1,1,0.674409,0.676215
13.9500,1.325627,1.323898,1.382080,1.385285,1,1,0.674373,0.676102
14.0000,1.325644,1.323990,1.382049,1.385115,1,1,0.674356,0.676010
14.0500,1.325642,1.324060,1.382052,1.384984,1,1,0.674358,0.675940
14.1000,1.325622,1.324110,1.382089,1.384892,1,1,0.674378,0.675890
14.1500,1.325583,1.324138,1.382162,1.384839,1,1,0.674417,0.675862
14.2000,1.325525,1.324146,1.382270,1.384826,1,1,0.674475,0.675854
14.2500,1.325448,1.324132,1.382413,1.384851,1,1,0.674552,0.675868
14.3000,1.325352,1.324098,1.382590,1.384915,1,1,0.674648,0.675902
14.3500,1.325237,1.324042,1.382803,1.385018,1,1,0.674763,0.675958
14.4000,1.325103,1.323966,1.383051,1.385159,1,1,0.674897,0.676034
14.4500,1.324951,1.323869,1.383333,1.385338,1,1,0.675049,0.676131
14.5000,1.324781,1.323752,1.383649,1.385555,1,1,0.675219,0.676248
14.5500,1.324592,1.323615,1.383999,1.385809,1,1,0.675408,0.676385
14.6000,1.324385,1.323459,1.384383,1.386100,1,1,0.675615,0.676541
14.6500,1.324160,1.323282,1.384800,1.386427,1,1,0.675840,0.676718
14.7000,1.323917,1.323087,1.385249,1.386789,1,1,0.676083,0.676913
14.7500,1.323658,1.322872,1.385731,1.387187,1,1,0.676342,0.677128
14.8000,1.323381,1.322639,1.386243,1.387619,1,1,0.676619,0.677361
14.8500,1.323088,1.322389,1.386786,1.388084,1,1,0.676912,0.677611
14.9000,1.322779,1.322120,1.387359,1.388582,1,1,0.677221,0.677880
14.9500,1.322455,1.321835,1.387961,1.389111,1,1,0.677545,0.678165
15.0000,1.322115,1.321533,1.388591,1.389671,1,1,0.677885,0.678467
15.0500,1.321761,1.321215,1.389248,1.390261,1,1,0.678239,0.678785
15.1000,1.321392,1.320882,1.389932,1.390879,1,1,0.678608,0.679118
15.1500,1.321010,1.320534,1.390640,1.391525,1,1,0.678990,0.679466
15.2000,1.320616,1.320171,1.391372,1.392197,1,1,0.679384,0.679829
15.2500,1.320209,1.319796,1.392128,1.392894,1,1,0.679791,0.680204
15.3000,1.319790,1.319407,1.392904,1.393615,1,1,0.680210,0.680593
15.3500,1.319360,1.319006,1.393702,1.394359,1,1,0.680640,0.680994
15.4000,1.318921,1.318594,1.394518,1.395123,1,1,0.681079,0.681406
15.4500,1.318471,1.318172,1.395352,1.395908,1,1,0.681529,0.681828
15.5000,1.318013,1.317739,1.396202,1.396711,1,1,0.681987,0.682261
15.5500,1.317547,1.317297,1.397068,1.397531,1,1,0.682453,0.682703
15.6000,1.317073,1.316848,1.397946,1.398366,1,1,0.682927,0.683152
15.6500,1.316594,1.316390,1.398837,1.399215,1,1,0.683406,0.683610
15.7000,1.316108,1.315927,1.399739,1.400076,1,1,0.683892,0.684073
15.7500,1.315618,1.315457,1.400649,1.400948,1,1,0.684382,0.684543
15.8000,1.315124,1.314983,1.401567,1.401829,1,1,0.684876,0.685017
15.8500,1.314626,1.314504,1.402491,1.402718,1,1,0.685374,0.685496
15.9000,1.314127,1.314023,1.403419,1.403613,1,1,0.685873,0.685977
15.9500,1.313626,1.313539,1.404350,1.404512,1,1,0.686374,0.686461
16.0000,1.313124,1.313054,1.405282,1.405413,1,1,0.686876,0.686946
16.0500,1.312623,1.312568,1.406214,1.406316,1,1,0.687377,0.687432
16.1000,1.312123,1.312083,1.407143,1.407217,1,1,0.687877,0.687917
16.1500,1.311625,1.311599,1.408069,1.408117,1,1,0.688375,0.688401
16.2000,1.311129,1.311117,1.408990,1.409013,1,1,0.688871,0.688883
16.2500,1.310638,1.310638,1.409903,1.409903,1,1,0.689362,0.689362
16.3000,1.310151,1.310163,1.410809,1.410786,1,1,0.689849,0.689837
16.3500,1.309669,1.309693,1.411705,1.411660,1,1,0.690331,0.690307
16.4000,1.309194,1.309228,1.412589,1.412524,1,1,0.690806,0.690772
16.4500,1.308725,1.308770,1.413460,1.413376,1,1,0.691275,0.691230
16.5000,1.308264,1.308319,1.414317,1.414215,1,1,0.691736,0.691681
16.5500,1.307812,1.307876,1.415158,1.415040,1,1,0.692188,0.692124
16.6000,1.307369,1.307442,1.415982,1.415848,1,1,0.692631,0.692558
16.6500,1.306937,1.307017,1.416787,1.416638,1,1,0.693063,0.692983
16.7000,1.306515,1.306602,1.417572,1.417409,1,1,0.693485,0.693398
16.7500,1.306104,1.306199,1.418336,1.418160,1,1,0.693896,0.693801
16.8000,1.305705,1.305807,1.419078,1.418890,1,1,0.694295,0.694193
16.8500,1.305320,1.305427,1.419796,1.419596,1,1,0.694680,0.694573
16.9000,1.304947,1.305060,1.420489,1.420279,1,1,0.695053,0.694940
16.9500,1.304589,1.304707,1.421157,1.420937,1,1,0.695411,0.695293
17.0000,1.304245,1.304368,1.421797,1.421568,1,1,0.695755,0.695632
17.0500,1.303916,1.304043,1.422409,1.422173,1,1,0.696084,0.695957
17.1000,1.303602,1.303733,1.422993,1.422749,1,1,0.696398,0.696267
17.1500,1.303305,1.303440,1.423547,1.423296,1,1,0.696695,0.696560
17.2000,1.303024,1.303162,1.424071,1.423813,1,1,0.696976,0.696838
17.2500,1.302759,1.302900,1.424563,1.424300,1,1,0.697241,0.697100
17.3000,1.302511,1.302654,1.425024,1.424759,1,1,0.697489,0.697346
17.3500,1.302246,1.302389,1.425518,1.425251,1,1,0.697754,0.697611
17.4000,1.301965,1.302108,1.426041,1.425776,1,1,0.698035,0.697892
17.4500,1.301670,1.301808,1.426591,1.426334,1,1,0.698330,0.698192
17.5000,1.301362,1.301490,1.427166,1.426926,1,1,0.698638,0.698510
17.5500,1.301041,1.301154,1.427763,1.427552,1,1,0.698959,0.698846
17.6000,1.300709,1.300800,1.428381,1.428211,1,1,0.699291,0.699200
17.6500,1.300368,1.300428,1.429017,1.428905,1,1,0.699632,0.699572
17.7000,1.300017,1.300037,1.429670,1.429633,1,1,0.699983,0.699963
17.7500,1.299659,1.299628,1.430337,1.430395,1,1,0.700341,0.700372
17.8000,1.299294,1.299201,1.431017,1.431192,1,1,0.700706,0.700799
17.8500,1.298923,1.298755,1.431709,1.432023,1,1,0.701077,0.701245
17.9000,1.298547,1.298291,1.432409,1.432888,1,1,0.701453,0.701709
17.9500,1.298167,1.297808,1.433118,1.433787,1,1,0.701833,0.702192
18.0000,1.297783,1.297308,1.433833,1.434720,1,1,0.702217,0.702692
